
 use drp ;
delete from USER_;
insert into USER_ (ID, NAME, PHONE, EMAIL, PASSWORD, CREATEDATE) values ('ff80808126a990800126a99081c90001', 'jixiuf',1234123, 'jixiuf@qq.com', 'jixiuf', now());
insert into USER_ (ID, NAME, PHONE, EMAIL, PASSWORD, CREATEDATE) values ('1a9524ca8ccf4640aa1a43b82e75e133', 'admin',1234123, 'admin@qq.com', 'admin', now());
insert into USER_ (ID, NAME, PHONE, EMAIL, PASSWORD, CREATEDATE) values ('a210e128162f4289b53aec137a17a1f7', 'user1',1234123, 'u1@qq.com', 'user1', now());
insert into USER_ (ID, NAME, PHONE, EMAIL, PASSWORD, CREATEDATE) values ('85a711ecd20345009e2672a0e5d64146', 'user2',1234123, 'u2@qq.com', 'user2', now());





delete from REGION;

insert into REGION (ID, PID, NAME, LEVEL_, LEAF_) values ('087cef91e2954890a1b9c1ce60212891','087cef91e2954890a1b9c1ce60212892' , '华北',1, 0);
insert into REGION (ID, PID, NAME, LEVEL_, LEAF_) values ('1877f32f77404bf2a5752ac2b18f6c15','087cef91e2954890a1b9c1ce60212891' , '北京',2, 1);
insert into REGION (ID, PID, NAME, LEVEL_, LEAF_) values ('69ecc472260744f5a44feb93c02045ac','087cef91e2954890a1b9c1ce60212891' , '沈阳',2, 1);
insert into REGION (ID, PID, NAME, LEVEL_, LEAF_) values ('039122b27bbc4b2f867696e805a41399','087cef91e2954890a1b9c1ce60212892' , '华南',1, 1);
insert into REGION (ID, PID, NAME, LEVEL_, LEAF_) values ('070c35bb9a4b4fa4b1dce4db3bb4a91a','087cef91e2954890a1b9c1ce60212892' , '西北',1, 1);
insert into REGION (ID, PID, NAME, LEVEL_, LEAF_) values ('087cef91e2954890a1b9c1ce60212892',null , '根',0, 0);


delete from DATA_DICT;
insert into DATA_DICT (ID, NAME, TYPE_ID) values ('596ac720c2bf44ab84a1ce7b049aa549', '一级分销商', 'D');
insert into DATA_DICT (ID, NAME, TYPE_ID) values ('b6836ff060a34c44b2d33facfd087a1c', '二级分销商', 'D');
insert into DATA_DICT (ID, NAME, TYPE_ID) values ('8a0a9ce40eaf47f190f3b3cc8c3752e9', '三级分销商', 'D');
insert into DATA_DICT (ID, NAME, TYPE_ID) values ('9bc710887c994b8ead5c598dae18e50a', '总部', 'D');
insert into DATA_DICT (ID, NAME, TYPE_ID) values ('4c65e6b1ad8347dab43026c0cb1a8c93', '甲级医院', 'T');
insert into DATA_DICT (ID, NAME, TYPE_ID) values ('d523c6fbe7ac4436b8c987985b710640', '乙级医院', 'T');
insert into DATA_DICT (ID, NAME, TYPE_ID) values ('7375cb89658548b5bb8e8eda062852c5', '丙级医院', 'T');
insert into DATA_DICT (ID, NAME, TYPE_ID) values ('2dec7541269f455ebaff3d981ffa68a5', '药店', 'T');
insert into DATA_DICT (ID, NAME, TYPE_ID) values ('ceb2a3d8ef344a359179528e2a88852e', '其他', 'T');

insert into DATA_DICT (ID, NAME, TYPE_ID) values ('bcd2c901695f4bb98d453e62b26b2bde', '中成药', 'M');
insert into DATA_DICT (ID, NAME, TYPE_ID) values ('427cccfd052245229faef53900ebb14e', '医疗器械', 'M');
insert into DATA_DICT (ID, NAME, TYPE_ID) values ('bbcc60c159374fafb76ad8a39cc3e139', '西药', 'M');

insert into DATA_DICT (ID, NAME, TYPE_ID) values ('22c4f1b0380345cebba482c5c511c9f6', '箱', 'U');
insert into DATA_DICT (ID, NAME, TYPE_ID) values ('4de88b4d6fd54ca786940d5b45e5534a', '盒', 'U');
insert into DATA_DICT (ID, NAME, TYPE_ID) values ('d94116e00d67405c8d337212a238242d', '片', 'U');


delete from CLIENT ;
insert into CLIENT (ID, REGIONID, CATEGORY_ID, CLIENTNO, NAME, BANKNO, PHONE, ADDRESS, ZIPCODE, CONTACTOR, IS_DISTRIBUTION_FLAG) values ('c30fb2b5cce848ce99c398271597c410', '1877f32f77404bf2a5752ac2b18f6c15', '9bc710887c994b8ead5c598dae18e50a', '总部', '总部', 123414241, '1355322544', '北京长城', '276114', null, 'D');
insert into CLIENT (ID, REGIONID, CATEGORY_ID, CLIENTNO, NAME, BANKNO, PHONE, ADDRESS, ZIPCODE, CONTACTOR, IS_DISTRIBUTION_FLAG) values ('e5689c143c4c44709c33876c22499940', '1877f32f77404bf2a5752ac2b18f6c15', '596ac720c2bf44ab84a1ce7b049aa549', '北京制药有限公司', '北京制药有限公司', 123434123, '13553223544', '北京帽儿胡同', '276114', null, 'D');
insert into CLIENT (ID, REGIONID, CATEGORY_ID, CLIENTNO, NAME, BANKNO, PHONE, ADDRESS, ZIPCODE, CONTACTOR, IS_DISTRIBUTION_FLAG) values ('e5689c143c4c44709c33876c22s99940', '1877f32f77404bf2a5752ac2b18f6c15', '8a0a9ce40eaf47f190f3b3cc8c3752e9', '北京医药', '北京医药', 123413223, '1355223544', '北京帽儿胡同', '276114', null, 'D');
insert into CLIENT (ID, REGIONID, CATEGORY_ID, CLIENTNO, NAME, BANKNO, PHONE, ADDRESS, ZIPCODE, CONTACTOR, IS_DISTRIBUTION_FLAG) values ('e5689c143c4c44709c33w76cs2499940', '69ecc472260744f5a44feb93c02045ac', 'b6836ff060a34c44b2d33facfd087a1c', '沈阳制药', '沈阳制药', 223412123, '1355223544', '沈阳某不知名地', '276114', null, 'D');

insert into CLIENT (ID, REGIONID, CATEGORY_ID, CLIENTNO, NAME, BANKNO, PHONE, ADDRESS, ZIPCODE, CONTACTOR, IS_DISTRIBUTION_FLAG) values ('e5689c143c4c44we9c33w76cs2499940', '1877f32f77404bf2a5752ac2b18f6c15', '4c65e6b1ad8347dab43026c0cb1a8c93', '北京市人民医院', '北京市人民医院', 22414123, '1355323544', '北京某不知名地1', '276114', '张先生', 'C');
insert into CLIENT (ID, REGIONID, CATEGORY_ID, CLIENTNO, NAME, BANKNO, PHONE, ADDRESS, ZIPCODE, CONTACTOR, IS_DISTRIBUTION_FLAG) values ('e5689c143s4c44we9c33w76cs2499940', '1877f32f77404bf2a5752ac2b18f6c15', '4c65e6b1ad8347dab43026c0cb1a8c93', '北京市政府人民医院', '北京市政府人民医院', 22344123, '1353223544', '北京某不知名2地', '276114', '张先生', 'C');
insert into CLIENT (ID, REGIONID, CATEGORY_ID, CLIENTNO, NAME, BANKNO, PHONE, ADDRESS, ZIPCODE, CONTACTOR, IS_DISTRIBUTION_FLAG) values ('e5689c143d4c44we9c33w76cs2499940', '1877f32f77404bf2a5752ac2b18f6c15', '2dec7541269f455ebaff3d981ffa68a5', '同仁堂', '同仁堂', 223413223, '13553223544', '北京地3', '27614', '李先生', 'C');

 
delete from FISCALPERIOD;
insert into FISCALPERIOD (ID, YEAR, MONTH, STARTDATE, ENDDATE, STATUS) values ('921420e1db7640babc2132fdb3202bc0', 2009, 1, '2009-1-1', '2009-1-31','N');
insert into FISCALPERIOD (ID, YEAR, MONTH, STARTDATE, ENDDATE, STATUS) values ('d9385bfa25c64e4bb88cf24fe2a7705e', 2009, 2, '2009-2-1', '2009-2-28','N');
insert into FISCALPERIOD (ID, YEAR, MONTH, STARTDATE, ENDDATE, STATUS) values ('8ff9896afda34450a3fc4f471b497bb3',2009, 3, '2009-3-1', '2009-3-31','N');
insert into FISCALPERIOD (ID, YEAR, MONTH, STARTDATE, ENDDATE, STATUS) values ('8fd9896afda34450a3fc4f471b497bb3',2009, 4, '2009-4-1', '2009-4-30','N');
insert into FISCALPERIOD (ID, YEAR, MONTH, STARTDATE, ENDDATE, STATUS) values ('8sd9896afda34450a3fc4f471b497bb3',2009, 5, '2009-5-1', '2009-5-31','N');
insert into FISCALPERIOD (ID, YEAR, MONTH, STARTDATE, ENDDATE, STATUS) values ('8sd9d96afda34450a3fc4f471b497bb3',2009, 6, '2009-6-1', '2009-5-30','N');
insert into FISCALPERIOD (ID, YEAR, MONTH, STARTDATE, ENDDATE, STATUS) values ('8sd9896afdad44ddd3fc4f471b497bb3',2009, 7, '2009-7-1', '2009-7-31','N');
insert into FISCALPERIOD (ID, YEAR, MONTH, STARTDATE, ENDDATE, STATUS) values ('8sd9896afdad4450a3fc4f471b497bb3',2009, 8, '2009-8-1', '2009-8-31','N');
insert into FISCALPERIOD (ID, YEAR, MONTH, STARTDATE, ENDDATE, STATUS) values ('8sd9896afdad4450a3fc4f471b4d7bb3',2009, 9, '2009-9-1', '2009-9-30','N');
insert into FISCALPERIOD (ID, YEAR, MONTH, STARTDATE, ENDDATE, STATUS) values ('8sd9896afdad4450a3fc4f47db497bb3',2009, 10, '2009-10-1', '2009-10-31','N');
insert into FISCALPERIOD (ID, YEAR, MONTH, STARTDATE, ENDDATE, STATUS) values ('8sd9896afdad4450affc4f47db497bb3',2009, 11, '2009-11-1', '2009-11-30','Y');

 

delete from MATERIAL;
insert into MATERIAL (ID, NO, NAME, guige, xinghao, TYPE_ID, UNITTYPE, PICT_FILENAME) values ('8f7d97667e9d48759f847a10869fafde', 'a', '枸杞', '物料规格', '物料型号', 'bcd2c901695f4bb98d453e62b26b2bde', '22c4f1b0380345cebba482c5c511c9f6', 'a.gif');
insert into MATERIAL (ID, NO, NAME,guige, xinghao, TYPE_ID, UNITTYPE, PICT_FILENAME) values ('43b705de034f4025929febb93eca6201', 'b', '青酶素', ' 物料规格1', '物料型号2', 'bbcc60c159374fafb76ad8a39cc3e139', '4de88b4d6fd54ca786940d5b45e5534a', 'b.gif');
insert into MATERIAL (ID, NO, NAME, guige,xinghao, TYPE_ID, UNITTYPE, PICT_FILENAME) values ('b076ab50b66443e4a9c32062dc660b33', 'c', '手术刀', '物料规格2', '物料型号3', '427cccfd052245229faef53900ebb14e', '22c4f1b0380345cebba482c5c511c9f6', 'c.gif');
insert into MATERIAL (ID, NO, NAME, guige,xinghao, TYPE_ID, UNITTYPE, PICT_FILENAME) values ('bdd6ab50b66443e4a9c32062dc660b33', 'd', '手术大刀', '物料规格3', '物料型号4', '427cccfd052245229faef53900ebb14e', '22c4f1b0380345cebba482c5c511c9f6', 'd.gif');
insert into MATERIAL (ID, NO, NAME, guige,xinghao, TYPE_ID, UNITTYPE, PICT_FILENAME) values ('bds6ab50bd6443e4a9c32062dc660b33', 'e', '手术小刀', '物料规格4', '物料型号4', '427cccfd052245229faef53900ebb14e', '22c4f1b0380345cebba482c5c511c9f6', 'd.gif');
insert into MATERIAL (ID, NO, NAME, guige,xinghao, TYPE_ID, UNITTYPE, PICT_FILENAME) values ('bds6ab50bs6443e4a9c32062dc660b33', 'f', '手术中刀', '物料规格4', '物料型号4', '427cccfd052245229faef53900ebb14e', '22c4f1b0380345cebba482c5c511c9f6', 'd.gif');



delete from INVENTORY ;
insert into INVENTORY (ID,DISTRI_ID, MAT_ID, FISCALPERIODID, INITCOUNT, INCOUNT, OUTCOUNT,STATUS) values ('c30fbeb5cwe84ece99c398271597c410', 'c30fb2b5cce848ce99c398271597c410', '8f7d97667e9d48759f847a10869fafde', '921420e1db7640babc2132fdb3202bc0', 30000, 2000, 500,'N' );
insert into INVENTORY (ID,DISTRI_ID, MAT_ID, FISCALPERIODID, INITCOUNT, INCOUNT, OUTCOUNT,STATUS) values ('c30fb2b5wce848er99c3w8271597c410', 'e5689c143c4c44709c33876c22499940', '43b705de034f4025929febb93eca6201', '921420e1db7640babc2132fdb3202bc0', 2000, 300, 800,'N' );
insert into INVENTORY (ID,DISTRI_ID, MAT_ID, FISCALPERIODID, INITCOUNT, INCOUNT, OUTCOUNT,STATUS) values ('c30fbsb5wce8d8er99c3w8271597c410', 'e5689c143c4c44709c33876c22s99940', 'bds6ab50bs6443e4a9c32062dc660b33', 'd9385bfa25c64e4bb88cf24fe2a7705e', 2000, 300, 800,'N' );
insert into INVENTORY (ID,DISTRI_ID, MAT_ID, FISCALPERIODID, INITCOUNT, INCOUNT, OUTCOUNT,STATUS) values ('c30fbsb5sce8d8ere9c3w82w1597c410', 'e5689c143c4c44709c33876c22499940', 'b076ab50b66443e4a9c32062dc660b33', '8sd9896afdad44ddd3fc4f471b497bb3', 2000, 300, 800,'N' );
insert into INVENTORY (ID,DISTRI_ID, MAT_ID, FISCALPERIODID, INITCOUNT, INCOUNT, OUTCOUNT,STATUS) values ('s30fesb5sce8d8ere9c3w82ww59wc410', 'c30fb2b5cce848ce99c398271597c410', 'bdd6ab50b66443e4a9c32062dc660b33', '8sd9896afda34450a3fc4f471b497bb3', 2000, 300, 800,'N' );
insert into INVENTORY (ID,DISTRI_ID, MAT_ID, FISCALPERIODID, INITCOUNT, INCOUNT, OUTCOUNT,STATUS) values ('s30feeb5sce8d8ereyc3w82ww59wc410', 'e5689c143c4c44709c33w76cs2499940', '43b705de034f4025929febb93eca6201', '8sd9896afdad44ddd3fc4f471b497bb3', 2000, 300, 800,'N' );
insert into INVENTORY (ID,DISTRI_ID, MAT_ID, FISCALPERIODID, INITCOUNT, INCOUNT, OUTCOUNT,STATUS) values ('s30feebzscw8d8ereyc3w82ww59wcw10', 'c30fb2b5cce848ce99c398271597c410', '43b705de034f4025929febb93eca6201', '8sd9896afdad4450a3fc4f471b4d7bb3', 2000, 300, 800,'N' );
insert into INVENTORY (ID,DISTRI_ID, MAT_ID, FISCALPERIODID, INITCOUNT, INCOUNT, OUTCOUNT,STATUS) values ('j30feebzscw8s8ereyc3w82ww59wcw10', 'e5689c143c4c44709c33876c22s99940', 'bds6ab50bd6443e4a9c32062dc660b33', '8fd9896afda34450a3fc4f471b497bb3', 2000, 300, 800,'N' );
insert into INVENTORY (ID,DISTRI_ID, MAT_ID, FISCALPERIODID, INITCOUNT, INCOUNT, OUTCOUNT,STATUS) values ('j30feebsscw8s8erewc3w82wwl9wcw10', 'e5689c143c4c44709c33876c22499940', '8f7d97667e9d48759f847a10869fafde', '8sd9896afdad4450a3fc4f47db497bb3', 2000, 300, 800,'N' );
insert into INVENTORY (ID,DISTRI_ID, MAT_ID, FISCALPERIODID, INITCOUNT, INCOUNT, OUTCOUNT,STATUS) values ('j30feebsscw8sserewc3w82wwl9mcw10', 'e5689c143c4c44709c33876c22499940', 'b076ab50b66443e4a9c32062dc660b33', '8sd9896afdad4450affc4f47db497bb3', 2000, 300, 800,'S' );
insert into INVENTORY (ID,DISTRI_ID, MAT_ID, FISCALPERIODID, INITCOUNT, INCOUNT, OUTCOUNT,STATUS) values ('j30feebsscw8sserewc3w82wil9mcr10', 'e5689c143c4c44709c33876c22s99940', 'b076ab50b66443e4a9c32062dc660b33', '8sd9896afdad4450affc4f47db497bb3', 2000, 300, 800,'N' );

insert into INVENTORY (ID,DISTRI_ID, MAT_ID, FISCALPERIODID, INITCOUNT, INCOUNT, OUTCOUNT,STATUS) values ('s30feebzscw8dwerxyc3w82ww59wcw10', 'e5689c143c4c44709c33w76cs2499940', 'bds6ab50bs6443e4a9c32062dc660b33', '8sd9896afdad4450affc4f47db497bb3', 2000, 300, 800,'N' );

 delete from FLOWCARD_DETAIL;

 delete from FLOWCARD;
 insert into FLOWCARD (ID, FLOWCARD_NO, STATUS, FISCALPERIODID, DISTRI_ID, RECORDER_ID, RECORDER_DATE, SPOTTER_ID,spotdate, SPOTTER_DESC, ADJUSTER_ID, ADJUSTER_DATE, FUSHEN_ID, FUSHEN_DATE, FLAG) values 
 ('T1QN2D41YHB28LdO2NFNABNYMIXY8Y3H', '201001260001', 'L', '8sd9896afdad4450affc4f47db497bb3', 'c30fb2b5cce848ce99c398271597c410', 'a210e128162f4289b53aec137a17a1f7', '2009-10-23', '85a711ecd20345009e2672a0e5d64146', '2012-12-12', ' spotter desc', 'ff80808126a990800126a99081c90001', '2009-10-23', 'ff80808126a990800126a99081c90001', '2009-10-23', 'F');
 insert into FLOWCARD (ID, FLOWCARD_NO, STATUS, FISCALPERIODID, DISTRI_ID, RECORDER_ID, RECORDER_DATE, SPOTTER_ID,  spotdate,SPOTTER_DESC, ADJUSTER_ID, ADJUSTER_DATE, FUSHEN_ID, FUSHEN_DATE, FLAG) values 
 ('T2QN2D41YHB28LdO2NFNABNYMIXY8Y3H', '201001260002', 'L', '8sd9896afdad4450affc4f47db497bb3', 'c30fb2b5cce848ce99c398271597c410', 'a210e128162f4289b53aec137a17a1f7', '2009-10-23', '85a711ecd20345009e2672a0e5d64146',  '2012-12-12',' spotter desc', 'ff80808126a990800126a99081c90001', '2009-10-23', 'ff80808126a990800126a99081c90001', '2009-10-23', 'F');
 insert into FLOWCARD (ID, FLOWCARD_NO, STATUS, FISCALPERIODID, DISTRI_ID, RECORDER_ID, RECORDER_DATE, SPOTTER_ID,  spotdate,SPOTTER_DESC, ADJUSTER_ID, ADJUSTER_DATE, FUSHEN_ID, FUSHEN_DATE, FLAG) values 
 ('T3QN2D41YHB28LdO2NFNABNYMIXY8Y3H', '201001260003', 'L', '8sd9896afdad4450affc4f47db497bb3', 'c30fb2b5cce848ce99c398271597c410', 'a210e128162f4289b53aec137a17a1f7', '2009-10-23', '85a711ecd20345009e2672a0e5d64146', '2012-12-12', ' spotter desc', 'ff80808126a990800126a99081c90001', '2009-10-23', 'ff80808126a990800126a99081c90001', '2009-10-23', 'F');

 insert into FLOWCARD (ID, FLOWCARD_NO, STATUS, FISCALPERIODID, DISTRI_ID, RECORDER_ID, RECORDER_DATE, SPOTTER_ID, spotdate, SPOTTER_DESC, ADJUSTER_ID, ADJUSTER_DATE, FUSHEN_ID, FUSHEN_DATE, FLAG) values 
 ('T3QN2D41YHss8LdO2NFNABNYMIXY8Y3H', '201001260004', 'S', '8sd9896afdad4450affc4f47db497bb3', 'c30fb2b5cce848ce99c398271597c410', 'a210e128162f4289b53aec137a17a1f7', '2009-10-23', '85a711ecd20345009e2672a0e5d64146',  '2012-12-12',' spotter desc', 'ff80808126a990800126a99081c90001', '2009-10-23', 'ff80808126a990800126a99081c90001', '2009-10-23', 'F');

 insert into FLOWCARD (ID, FLOWCARD_NO, STATUS, FISCALPERIODID, DISTRI_ID, RECORDER_ID, RECORDER_DATE, SPOTTER_ID, spotdate, SPOTTER_DESC, ADJUSTER_ID, ADJUSTER_DATE, FUSHEN_ID, FUSHEN_DATE, FLAG) values 
 ('T3QN2D4sYHss8LsO2NFNABNYMIXY8Y3H', '201001260005', 'A', '8sd9896afdad4450affc4f47db497bb3', 'c30fb2b5cce848ce99c398271597c410', 'a210e128162f4289b53aec137a17a1f7', '2009-10-23', '85a711ecd20345009e2672a0e5d64146',  '2012-12-12',' spotter desc', 'ff80808126a990800126a99081c90001', '2009-10-23', 'ff80808126a990800126a99081c90001', '2009-10-23', 'F');

insert into FLOWCARD_DETAIL (ID, FLOWCARD_ID, MATERIAL_ID, MATERIAL_COUNT, CLIENT_ID,   ADJUST_COUNT, ADJUST_REASON) values 
('T4QN2D41YHB28LdO2NFNABNYMIXY8Y3H', 'T1QN2D41YHB28LdO2NFNABNYMIXY8Y3H', '8f7d97667e9d48759f847a10869fafde', 100, 'e5689c143c4c44we9c33w76cs2499940',   10, ' 无条件    ');

insert into FLOWCARD_DETAIL (ID, FLOWCARD_ID, MATERIAL_ID, MATERIAL_COUNT, CLIENT_ID  , ADJUST_COUNT, ADJUST_REASON) values 
('T4QN2D41YHB28LxO2NFnsBNYMIXY8Y3H', 'T1QN2D41YHB28LdO2NFNABNYMIXY8Y3H', 'bds6ab50bd6443e4a9c32062dc660b33',   200, 'e5689c143c4c44709c33w76cs2499940' ,-10, ' 无条件    ');

insert into FLOWCARD_DETAIL (ID, FLOWCARD_ID, MATERIAL_ID, MATERIAL_COUNT, CLIENT_ID,  ADJUST_COUNT, ADJUST_REASON) values 
('T5QN2D41YHB28LdO2NFNABNYMIXY8Y3H', 'T2QN2D41YHB28LdO2NFNABNYMIXY8Y3H', '43b705de034f4025929febb93eca6201', 100, 'c30fb2b5cce848ce99c398271597c410'  , 10, ' 无条件    ');
 
insert into FLOWCARD_DETAIL (ID, FLOWCARD_ID, MATERIAL_ID, MATERIAL_COUNT, CLIENT_ID,   ADJUST_COUNT, ADJUST_REASON) values 
('T6QN2D41YHB28LdO2NFNABNYMIXY8Y3H', 'T3QN2D41YHB28LdO2NFNABNYMIXY8Y3H', 'bds6ab50bs6443e4a9c32062dc660b33', 100,  'e5689c143c4c44709c33w76cs2499940'  , -10, ' 无条件    ');
 
 insert into FLOWCARD_DETAIL (ID, FLOWCARD_ID, MATERIAL_ID, MATERIAL_COUNT, CLIENT_ID,   ADJUST_COUNT, ADJUST_REASON) values 
('T6QN2D41YHB28LdO2NFNABNYMIXY8Y32', 'T3QN2D41YHss8LdO2NFNABNYMIXY8Y3H', 'bds6ab50bs6443e4a9c32062dc660b33', 100,  'e5689c143c4c44709c33w76cs2499940'  , -10, ' 无条件    ');
 
 commit;
